g,a1,d,u
0.029965623542312,2.09572132293159,-2.35507704565279,1
0.267949917442019,1.27923398135929,-0.10815222511998,1
0.0014856903938965,1.17553085342253,-0.393005588309599,1
0.017836967911421,1.34067108538829,-0.928820170410508,1
0.0018124301809563,1.2121461166583,-0.486975542080303,1
0.0363773078901204,1.03521894899435,0.0674168393286071,1
0.0008379669279717,1.80361358617375,-2.3230114537065,1
0.0013171517785025,0.88263422685097,0.199280749794035,1
0.0004054615866353,1.66144236085643,-3.18023456862689,1
0.0614581255336659,1.28819758030011,-0.0607598717783148,1
0.0002012541004247,1.4304406271425,-1.84812198289478,1
0.0027165305276485,2.43471287589234,-4.4703435204057,1
0.524004258402355,1.53799950593696,-0.497637342085793,1
0.136988878710517,1.44854202442279,-0.0298832718488838,1
0.088860255929189,1.2497980649259,0.123862865812215,1
0.0174531488608576,1.53081316854996,-0.582158680681835,1
0.133238250602201,1.00663797294331,-0.0303721467550141,1
0.0743436415842255,0.561383550856491,1.30820877895269,1
0.0049940918677784,0.585760581451933,1.40441701313877,1
0.000204975024058,1.56451332645699,-1.8163794514707,1
0.256828985297304,1.60230137560343,-0.641116726034639,1
0.381751455280794,0.760192327986568,0.646998742201575,1
0.0870562157875973,1.18216895099963,-0.123355495190684,1
0.0007089330216571,1.77682291107186,-1.60475588802891,1
0.0004161424510087,1.70856239560741,-2.88953998871635,1
0.0944391103786402,1.0680899891846,0.263535832258938,1
0.001560611179618,0.973819837083937,0.394447029267161,1
0.427264702891362,1.05984280584946,0.320868465571354,1
0.0725734184827689,1.52873605274101,-0.613379986809064,1
0.0058558711191477,0.727389485149956,0.5491214863018,1
0.0004267038981186,1.08865213754771,-0.601365326610944,1
0.0041256710509608,1.18062007315397,-0.950504949302072,1
0.011983512533843,1.33437820369808,-1.25091700304551,1
0.0511872036074256,0.807797445653062,0.504346566565276,1
0.0004122100997893,1.36693125520782,-0.508621997475419,1
0.147292942345527,0.74041619646958,1.04235010527197,1
0.054869988350543,0.714825492995232,0.491673143077335,1
0.311315351085742,1.24962167161455,-0.124078251637761,1
0.0098509616615843,0.528292219299273,1.21095644976023,1
0.0019643386751459,0.934023368068119,-0.0486194455278773,1
0.109546443244981,1.35659238243676,-0.504116043227835,1
0.187805624464896,1.09218050127347,0.0285343764570932,1
0.0191319169388938,1.41568095420088,-1.02811531270822,1
0.272340983968705,1.00466944854649,-0.0329040735787036,1
0.298518810748922,1.06577942690665,0.35528245434472,1
0.0430340649316749,1.22813807492492,-0.686221304862956,1
0.160951304381005,0.985350647818493,0.379539341227129,1
0.0004795086859343,1.3700207423122,-1.88624275803097,1
0.0843485457050035,1.00410153962863,0.192485942290827,1
0.0276630405683079,1.19168089631836,-1.00917798643941,1
0.0218537218980634,1.16281933514737,-0.43959453671716,1
0.125717727163414,0.944317331701396,0.387207205272827,1
0.0026570646117071,1.75829652571668,-2.46654490827083,1
0.0202411916512899,1.17200966904147,-0.845577255185681,1
0.0114188609935778,1.16109158807589,-0.0986826133516244,1
0.0011502558917954,1.03210969355019,-0.191739970638624,1
0.0009492148096526,1.24621131805092,-0.799616498006668,1
0.116615967346285,1.42136073557784,-0.377254917309549,1
0.614448808279012,0.781349110656566,-0.0974678436315715,1
0.0017341751974839,1.21670340139486,-0.242395130341597,1
0.0028876685973353,0.924457203979838,0.361190143446851,1
0.0004665106267711,1.20015237144506,-0.186605912630846,1
0.0006937204678657,1.2784093642192,-0.704671122166204,1
0.011501017612663,1.4610882022259,-1.78316196608027,1
0.320751343953865,1.51966468414608,-0.0682433927557276,1
0.0178652633230284,1.97616390195871,-2.27107195389624,1
0.0398879214916072,1.25438360733143,-0.55495518005226,1
0.0324396001682013,1.39453942611408,-1.44624524986762,1
0.0150494672274563,1.36037439425794,-1.23517088145436,1
0.0579500124266696,1.48063954910267,-1.02748265947234,1
0.150960854607034,0.825486701914861,0.411034132843069,1
0.117701457345202,1.11173892832447,-0.164045619739809,1
0.0346326002197495,1.38180702082971,-0.862731735000516,1
0.348717712014974,1.32142524274614,-0.0304601046475077,1
0.0019795898676187,0.909192745653132,0.452576795128262,1
0.0010031398009414,1.26701845873521,-0.63207149161478,1
0.0226680797480572,1.37928540432156,-0.922316525110186,1
0.0636170649630615,1.2631305512316,-0.741783962396252,1
0.0958002019087604,0.694026701102159,0.450267818422653,1
0.265640056233174,1.01308507201949,0.480458082522431,1
0.0001818288011555,1.93350686950612,-2.44056145335988,1
0.001033951169711,1.11934179871236,-0.21482445050009,1
0.0649678865527513,1.25190160825551,-0.164451680692073,1
0.0640795387961022,1.25848192125524,-0.0514983930078494,1
0.433410692638825,1.53822461140701,-0.171299504286267,1
0.0027351820431493,1.44233828028705,-0.681385502626864,1
0.0148329007088168,1.21916969841977,0.134589955438964,1
0.0803913623866393,1.00284224812905,0.0191473933055163,1
0.0312850665831784,1.60850353782045,-1.37204311605657,1
0.0103506480975718,1.36689566581168,-0.964983199975248,1
0.0061695158693949,1.43951622848136,-2.01402845616038,1
0.25513934802832,1.63264186802176,-0.143507785679013,1
0.034190625906136,1.48938530341912,-0.745474120621147,1
0.0001550904217403,1.61322999032296,-2.09045523075759,1
0.248483674079117,1.0405718576219,0.359653909992733,1
0.0275146697722864,0.940605721278699,0.610764599870682,1
0.131963028747916,0.899782320602682,0.612318688257301,1
0.115031897350816,0.754138481921983,0.905828075719956,1
0.0983290211810608,1.30970424217341,-0.261713980039291,1
0.023653940842451,1.18763950753353,-0.891166775309068,1
0.0025141131284179,1.36294368803745,-1.6967145773553,1
0.0004032202063543,1.46293544583087,-1.20639578832868,1
0.213856367474098,1.04290508223191,0.418314879426207,1
0.0001718399196691,1.71340304379812,-2.75942417430258,1
0.0338309192634883,0.931183083133696,0.529940979881648,1
0.0016260657818044,0.88773121368451,-0.118344941982566,1
0.0146000793522864,0.83490435913528,0.373350102867151,1
0.0194897897828927,1.20307394014189,0.210391361663154,1
0.117707682474373,1.45284535892091,-0.524084847681506,1
0.0031954873603818,1.13090726056924,-0.146154495746065,1
0.0014761104186282,1.11984206588361,0.0925825516327442,1
0.0470019427705304,1.13864515587227,-0.261441682315759,1
0.0057179997016492,0.824411403418552,0.41841172588699,1
0.130033940399429,1.21673065244237,0.0508131506833744,1
0.0071921190690708,0.616091240272097,1.05401710963989,1
0.133302528799982,1.01357133938352,0.108453767069158,1
0.185712193389898,1.04466854570388,0.165197220368517,1
4.3393047436607e-05,2.04183183326989,-5.21586120708017,1
0.369785784451254,1.3938148968915,0.22558755708003,1
0.0012671841089305,1.00056311241865,-0.104104687797129,1
0.322077767003951,0.952708209686423,0.374774493187661,1
0.412830824057105,1.07326551034849,0.225201110792354,1
0.0695471066572609,1.4057889915498,-0.302281029834539,1
0.102958137246803,0.841134965044297,0.634593361467829,1
0.0813627442510499,1.18476622681384,-0.117527409838989,1
0.0897159325820388,1.12187410717214,0.159568035586469,1
0.219654764835962,1.10290041520823,-0.0104328723387983,1
0.0151115517715306,0.576917220257879,1.21899193495354,1
0.318197850670691,1.05599438413944,0.370911471849067,1
0.0782408922874149,1.43435581818209,-0.442229610397103,1
0.0476074807918705,1.44295663927516,-0.752084844770879,1
0.0350552317412433,0.89465932017995,0.441244451670385,1
0.151379428497976,1.36174869789978,-0.385743445342527,1
0.0212194307395826,1.69650643639915,-1.67590469127783,1
0.001673007012892,1.6057530110807,-1.86302256469966,1
0.0824881623039012,0.809807813944627,0.739517757368706,1
0.0335075193345263,1.04577912905203,-0.005471028160068,1
0.0001961824806043,1.39149926647316,-1.5831461596136,1
0.186184956520117,1.07881436280302,0.0512776142676196,1
0.0300100377566103,1.10466570027631,-0.0872243873237007,1
0.117370437577317,1.2720837874753,-0.0572328495712127,1
0.226411433516218,1.00559273763592,0.391765158835187,1
0.123370206546505,1.11754893123484,0.135316210538778,1
0.171664437736763,1.28586893700014,-0.358040978637381,1
0.0039896239427026,0.763633644697426,0.366969425144051,1
0.0101816772900417,1.47167264422647,-1.45560261049219,1
0.187453124415947,1.25041978302931,0.0517517246779328,1
0.0686565789838952,1.07307117049648,0.31114729495827,1
0.0439301536267393,1.38898907657359,-0.744477591223595,1
0.393163786727979,1.34526065909167,-0.215337314200273,1
0.0022380933760802,0.841632692875339,-0.0273872340704019,1
0.262287001007913,0.94557475739314,0.593110447123512,1
0.0002426519002816,1.36824885938452,-1.51605473899198,1
0.107149748678121,1.17321155294644,-0.0148665693885114,1
0.0533183798836367,0.990322110024918,0.286736450390709,1
0.315164408522331,0.9819735193148,0.272338253794955,1
0.0542496663668415,1.05182211965002,-0.0758369720482106,1
0.216594724684738,1.10880246274814,0.157605036562038,1
0.191575269533024,1.09365059779381,0.0961143383781544,1
0.0077105741599187,1.68050539923546,-1.77593823743082,1
0.0868363440168898,1.1821467140085,-0.0285741836386402,1
0.123430137326259,0.874806922543297,0.642865498184153,1
0.141875426540328,1.41918822562569,-0.609039813629115,1
0.194456523821155,1.31035905055933,-0.0610421114092255,1
0.0389574146823101,1.43935599698809,-0.814482435928102,1
0.0054950667361443,1.77094754734608,-2.26248340586619,1
0.235514394357143,1.2601213198888,0.452985934019249,1
0.0108513782669451,1.14492623482034,-0.274665340044063,1
0.110117266121488,1.33956874507452,-0.424533679697418,1
0.0181143273042186,1.454049311958,-1.05364890630802,1
0.0898901552401797,1.09508144127966,-0.0212669995591799,1
0.0094198262019131,1.37316700282786,-1.04215210873588,1
0.215318182876199,1.0058316350808,0.920892394340318,1
9.85983930506996e-05,1.51186567345688,-2.3614004707533,1
0.0198449105195203,1.36530117328902,-1.0982629831373,1
0.102309385076522,1.1625742580145,0.0438478005457817,1
0.408619199049652,1.04358457231776,0.189585694148604,1
0.0694183378677199,1.54528285062257,-1.12837270883542,1
0.0391303798078934,1.36007034953707,-0.614736337389957,1
0.0807731304142653,1.20023641273659,-0.160453702437101,1
0.0526314484831493,1.24937256689995,-0.280710452514797,1
0.241088042251257,1.32217289678667,-0.162140393621424,1
0.0010176904773506,1.19714172683922,-0.305890103198574,1
0.0357797573960845,1.09096540050257,-0.365596937510957,1
0.001701732331911,0.979256019521151,0.321834166401226,1
0.0057395741794752,0.546873023585009,0.998934413810398,1
0.0018530109501558,1.21522576759794,-0.818772637686076,1
0.0005661430807393,1.21824126787565,-0.457379049184063,1
0.141345201686083,1.0048403076603,0.476994755077938,1
0.445717952036257,0.575641143986652,0.172272574621334,1
0.0122477751155767,1.36922947527914,-0.132638766613697,1
0.0025844381143905,1.0944243075214,0.317429634045005,1
0.0445621262430202,1.39442277309323,-0.305527237132352,1
0.173062229523829,0.742126734859546,0.618076302244638,1
0.101271598415515,0.996445832105151,0.675573265611434,1
0.0004243163968116,1.39671881807036,-1.451017780076,1
0.0448532566091578,1.39929432116671,-0.490566682527845,1
0.0436315585805407,1.32641713799381,-0.689413229637713,1
0.0001570258072911,1.82139857563782,-3.08560053034792,1
0.0209981266025517,1.05507979583745,-0.0778335035133346,1
0.587115492290103,1.35747270732701,-0.186418353718132,1
0.0216637563835467,1.29000957360077,-0.448407583073667,1
0.0002171344002239,1.43776807169424,-1.56638229624635,1
0.0003626527083674,1.63542509120218,-3.04885324259786,1
0.252836228458293,1.08838538513722,0.632016510486785,1
0.242354740788337,1.08375862603308,0.469088157657517,1
0.178546530556482,1.21635448996084,0.203414874354685,1
0.203035806432962,0.856448848425474,0.571300969926615,1
0.055431032154469,1.05325556054643,0.445736276647399,1
0.160824004516208,1.21188942317908,-0.134797166752563,1
0.209524472128754,1.03747391914995,0.454496220254748,1
0.0046055513118969,2.27302495874963,-3.85897815435451,1
0.0501161229434612,1.28830819716733,-0.247988827663178,1
0.0048437763851367,1.01329672682766,0.0559042852169187,1
0.0043060921067542,1.34644697998313,-0.502392369940526,1
0.0632938835927989,1.18133278938671,-0.276277191471397,1
0.0020486956366285,0.932897708018236,0.182656412342134,1
0.0001866022192685,1.67787816643713,-2.14576926992755,1
0.0512008733643982,0.86129155210843,0.0488101046330204,1
0.0141886940751184,0.708397546972414,0.879506978779678,1
0.0746292805204257,1.62464846315185,-0.612980526880917,1
0.125718403753048,1.03473018922728,-0.0084331830546046,1
0.0949804614838202,1.27834719214923,0.327348019681822,1
0.162419777970558,0.900542169649156,0.679585321010031,1
0.0398673535424284,1.34501320604864,-0.708103264434756,1
0.218320913838154,1.21540258658279,-0.379420329576428,1
0.0231519248020682,1.29010345610705,-0.659039651588654,1
0.052190038224436,1.10405330000825,0.169498184450676,1
0.181021243216644,1.11032452050596,0.134455620465664,1
0.0043098048726561,1.51580155322845,-1.86036212882974,1
0.0867955239410142,0.935341386019779,0.202203168977293,1
0.0265707759302322,1.73309100674615,-1.49151039423503,1
0.179727053027504,0.955601036442914,0.620839215084031,1
0.0134468266182107,0.865346357154483,0.480960970237838,1
0.122962395611869,1.17831795780981,0.0819365620991063,1
0.0021467288039403,0.808451400582546,0.442098424249225,1
0.0001793454236818,1.70438460890376,-1.9033121672961,1
0.0150219321051801,1.12682572622726,-0.0724263765567509,1
0.0131745307462874,1.05795900728789,-0.250876584166759,1
0.171850122611617,1.11035568681825,0.613817459452854,1
0.282222318200719,0.928792954101871,0.0177040925833087,1
0.0001628930021878,1.47286177146867,-1.24786609449019,1
0.0002243240591094,1.51479652475067,-1.72121246266632,1
0.0091183250369025,1.46261262131819,-1.5543540774515,1
0.467307247663662,1.23393393717761,-0.114330533450281,1
0.0007076673732644,1.89374274567815,-3.46442677253041,1
0.0441575655411747,1.91062221386394,-1.784296490238,1
0.107701869395656,1.09279569117366,-0.255293950796528,1
0.0342512778971928,1.33423692956209,-0.849929850988813,1
0.0637237549002162,0.738894757633376,0.633984898431805,1
0.20653717296856,1.25906347548768,0.41543608293275,1
0.112624391791829,1.40904987460756,-0.250954692137591,1
0.358186264879952,1.04383318358446,0.25790070532617,1
0.0471992776716753,1.36554755452289,-0.362649477654485,1
0.0178960328710407,1.59733769326669,-1.93627987036598,1
0.0560024774009844,0.791113924992277,0.779827789820567,1
0.240694173656836,0.95209789526531,0.200580228954283,1
0.048999020150712,1.00485395191433,-0.16287463319992,1
0.0031656395777907,0.750512881882909,0.649209253076032,1
0.0495226059043088,0.916181531567578,0.38832882759596,1
0.0163262501836215,1.17022345841987,-1.02732464150462,1
0.0009366140096915,1.56620072317029,-1.311602089798,1
0.0003081697002693,1.22046195650734,-0.393943066286659,1
0.431526671986322,1.22561787479105,0.0497746584353053,1
0.0425476625373499,1.15212437790969,-0.0023431546706175,1
0.0004560222098169,1.64862740682397,-1.48878940129686,1
0.0036488991344101,1.28400758728427,-0.969172648174279,1
0.164689010660931,1.19445578792063,-0.128761881391891,1
0.467747623860876,0.771197767566649,0.453105762495997,1
0.0068434690316487,1.18381074201584,-0.0101397621430786,1
0.0208286467665518,1.29961580232429,-0.680613071493902,1
0.0906935509806708,1.17764319054937,-0.335598034405472,1
0.0027304142301531,1.17453972455198,0.0055687450865431,1
0.0019841993236605,1.0979086690486,-0.351636043729069,1
0.112837059452574,1.05428787019463,0.154735088811168,1
0.0289787957791239,1.87976352924486,-2.23500337439347,1
0.0010478097734938,1.3175561952909,-0.509287655659403,1
0.268011279161402,1.12735507813077,0.393525862395238,1
0.0202061826559222,1.79235763622724,-2.31960491287835,1
0.0039853847167424,1.34365382624113,-1.75934693549053,1
0.0309831433728129,1.41852621362452,-1.21253430022317,1
0.3729175686227,0.9647489764707,0.321353650957725,1
0.0030932339201793,0.997034301646358,0.538226226712518,1
0.0011278905956162,1.16413301426225,-0.588922919785601,1
0.107374883172109,1.20276010686716,-0.376506871913135,1
0.0949694321416259,1.38001853517694,-0.737597608479019,1
0.0007161937616526,2.11628130507179,-4.77015988879071,1
0.184418676087377,1.03015907097726,0.365779067186505,1
0.6358701656611,1.79105281085382,-0.766396141192683,1
0.0652481497533809,1.39080240994455,-0.385691309757227,1
0.163355745998955,1.1659377061706,0.292140892326672,1
0.0791689991343105,1.40928619352889,-0.735719579766318,1
0.206705347224115,1.03903980235854,0.244278888334437,1
0.0052699417414992,2.22911158896857,-3.97778977463215,1
0.0037639646925381,0.852323436699074,0.191506112813998,1
0.192896377635612,1.15976564803021,-0.0607825128483694,1
0.0007138389527342,1.08351890291843,0.260844388300352,1
0.0118222231048173,1.31650726185674,-0.957779207245119,1
0.126979202874407,1.31106131059557,-0.652137238333973,1
0.0077868791587229,0.600125616978037,1.10245215266562,1
0.0067620510515051,0.955011349413307,0.168718086820261,1
0.0191760334310866,1.41336827436648,-0.947121661496868,1
0.066212497661884,1.08581286788877,-0.16750890918774,1
0.0505082697597797,1.71933292571678,-1.0768537401865,1
0.122252269218187,1.18700583037005,-0.0194688330212951,1
0.109665183579329,1.40785100379105,-0.143453479550124,1
0.0576455890146605,1.42509687004535,-0.939451688857096,1
0.0048747586437461,1.47826853675795,-1.2527082646055,1
0.0282874466837244,0.59862035119535,0.853870640904252,1
0.145090362093389,1.24072175182102,-0.332445227035922,1
0.0013601429882345,1.03615319264464,0.157532936815612,1
0.364660420079489,1.39037794050677,-0.502630414933467,1
0.136157302284568,0.962251462320365,0.609244964106128,1
0.0093592364630988,0.80238536347995,0.455313213601845,1
0.0062565148725813,1.52057871973008,-0.733724965800408,1
0.0028133834421643,0.959119411732486,0.428903821770748,1
0.156414161237787,1.01867728332209,0.442191253586105,1
0.0563125757126752,0.987298645753588,-0.290338662573649,1
0.280716786380689,0.884190576197414,0.566761275091905,1
0.0308260245554247,1.79196312119403,-1.61128194409902,1
0.256269889730492,1.31188761758347,-0.248772731289764,1
0.0009398250355412,0.940412189633783,-0.21202156330084,1
0.0009055541425469,1.11148213617348,0.0440916187336884,1
0.0374519309215727,0.988147535389556,-0.101044212751977,1
0.0012337713759296,1.77514870722663,-3.02008183973428,1
0.160897229749836,1.03706898652917,0.368511951388137,1
0.0265433948267642,1.68625985124389,-1.85302150687703,1
0.003034200547737,0.903237807737807,-0.0375137540227524,1
0.294010126406219,1.10640790995364,0.147958629329897,1
0.138527953171976,1.34176854679208,-0.449252601236099,1
0.0156063550005875,1.27243578473561,-0.986003549097481,1
0.0951173665450039,1.03029739914036,0.25304785259766,1
0.270476320388421,1.17645805140472,0.196228296058416,1
0.0012519394671565,1.18275908591004,-0.193155924311996,1
0.0291754114233177,1.45120310205598,-1.37937784640917,1
0.120166516121988,1.43265914461921,-0.247850533363863,1
0.115744868974324,0.698868275336556,0.821362345391423,1
0.0182480560628308,0.63235658119121,0.848321654878974,1
0.0206963978550369,0.825249322275669,0.656858947987352,1
0.0066585712252357,0.884351808874286,0.516999709745101,1
0.0011270138069651,1.04870455622043,0.119809747264207,1
0.0014553506739207,1.12999802283196,-0.771876773615268,1
0.17050892162694,1.08062747006683,0.109925384892256,1
0.330638881651339,0.987428419513147,0.135836198610384,1
0.0486708895957031,1.65074727396326,-1.01370310825771,1
0.0200617937516365,1.19915495032152,-0.342637610484517,1
0.0004742691250202,1.29947791323831,-1.52501484115756,1
0.529647354800833,1.62845187485979,-0.21868103416216,1
0.0072593176338098,0.992301965447455,-0.0374757063969397,1
0.0054253942248391,1.42891435713112,-1.90805530080573,1
0.0002692223923331,1.4320333543184,-0.970535361553437,1
0.156067765431216,0.952494540809731,0.393317191974539,1
0.0220015417884585,1.53042196405045,-1.08102845504964,1
0.182655313351227,1.05841776614169,0.386070411017265,1
0.110448267689915,0.902166145525292,-0.0009637317269077,1
0.000312883977274,1.55595906692608,-1.57342970780499,1
0.163280831575268,1.33791510675596,-0.0840782013263264,1
0.0006194182601181,1.28208254856627,-1.00349538740685,1
0.167403885649777,1.16775063330956,-0.173320480887202,1
0.16767502631919,0.702230211848399,0.856471520788842,1
0.134028940111593,0.973548526368282,0.342839775950415,1
0.0975779346403446,0.759780111138157,0.775688404959149,1
0.134253344306365,0.901494970932633,0.203100392654645,1
0.0403694358161388,1.00471020015098,0.237055331511635,1
0.186041649748363,1.48422284319797,-0.285013998820828,1
0.0010827685758547,0.975698576227111,0.269644272807563,1
0.0029735563913967,1.95035166748532,-3.12237357481265,1
0.260026238630668,0.868342571371728,0.460523979692958,1
0.0845218257894816,1.06521228536787,0.121466613578094,1
0.107600998784337,1.58803076708762,-0.716110987888542,1
0.0083753173442752,1.94352237963112,-2.51108804954135,1
0.0477213243334534,1.29052928433799,-0.119795748314609,1
0.0002045892622257,1.44024621094695,-1.64137528899372,1
0.160398120358489,0.885414263776882,0.832484968292244,1
0.0205640950941486,1.92532202504137,-2.55954352070369,1
0.191769602794238,1.04962275188573,0.238663979631239,1
0.0753174602491471,1.10341159290137,0.0298541399456842,1
0.0107481983866622,0.803887438548098,0.900293949799896,1
0.0006825904359932,0.888513591199666,-0.0832836231620844,1
0.0001213915254312,1.50952797640017,-2.46782667303715,1
0.000205653294741,2.09725101883643,-4.58268207497859,1
0.0051728099407942,0.859997998165657,0.85147880312346,1
0.123562393998509,1.69483498294032,-1.1713016828599,1
0.0075666824638077,1.49455791658017,-1.87176190729214,1
0.149996546607251,1.15239658721012,-0.16353929717579,1
0.0008352522188437,1.1765804373128,0.146939729555788,1
0.243026507936706,1.05901073609996,-0.276795009128257,1
0.0284750667392288,1.55632055863617,-0.817312711983963,1
0.0001155414616899,1.59211508578249,-1.94634669778206,1
0.0147909817587908,1.18454500922319,-0.816063427509762,1
0.0598946956802505,1.12448831097096,-0.440023267839089,1
0.0654120343552995,1.10476414792485,0.151728033763052,1
0.0273604164336589,1.23395138035889,-0.777475667666038,1
0.109393730818067,0.847618225851445,0.275263777004106,1
0.0069514939393213,0.863249683361357,0.288546922848067,1
0.0057123119909332,1.32112240281004,-1.53448442863951,1
0.0682313900122329,1.46865942149571,-0.766390521428584,1
0.0101992771611973,0.984351130713548,-0.351670973949887,1
0.062490416407403,1.00164509257096,-0.0160327964806771,1
0.0330606386096949,1.64826954224465,-1.46327557028144,1
0.0026630549822466,1.80792124062232,-1.95777644354025,1
0.209097044704842,0.990196623088833,0.411422503022334,1
0.0672919881389214,1.23227039742611,-0.220369317014398,1
0.123297552923132,1.37098100839687,-0.464615938130091,1
0.0969404070431782,0.95913633072086,0.36467569892015,1
0.16424732714365,0.795519291906341,0.442458310770956,1
0.124304011725876,1.08271605816497,-0.302396956361474,1
0.0487650169142629,1.39185717475538,-1.05786563591118,1
0.0100458573818923,1.78227272452067,-2.4002551311228,1
0.023235757086025,0.648765106889121,1.38967320345732,1
0.226870881845219,1.28152034078319,0.18791775048321,1
0.0009024551611746,1.07639655800139,0.239980945303336,1
0.250428664788842,0.817169399225871,0.70367462099994,1
0.126016634296791,1.02502659631906,0.340581700032419,1
0.182346360125408,1.0451151438287,0.216667818154626,1
0.120234715360828,1.04873349499949,0.35775321116222,1
0.455930444811771,0.874178219977089,0.406365662096935,1
0.065202562948713,1.33921542580845,-0.225640791065291,1
0.156957990692552,1.09788032648522,0.190889178388266,1
0.0213141414744368,2.10451677650255,-2.87538647307797,1
0.024537905860108,1.27516484404365,-0.898047953585134,1
0.367483538367439,1.14738689515045,0.280775308558731,1
0.0394684983589226,1.19600057464054,-0.221052517280358,1
0.340974143790514,1.40971505535068,-0.646823889463051,1
0.0005685678855775,1.53446616370435,-1.19189877791761,1
0.183924064932653,1.48342725665366,-0.63652259187295,1
0.0025766004512236,0.793653186010916,0.505118921507242,1
0.0707646293279458,1.47346204137691,-0.777881247281483,1
0.0794685146284967,1.2399290310845,-0.400597051422916,1
0.0011561368756395,1.00432294667802,0.175354397735948,1
0.0001820652632418,2.04713198879498,-3.51745741960646,1
0.1549730646704,1.10813849502238,0.185367352732571,1
0.0495627662008406,1.02474608895328,0.319604958612381,1
0.0025933994597618,0.698584376232917,1.17514650813681,1
0.123772527039541,1.31111123845442,-0.306321625369884,1
0.014748439585975,1.53499864189588,-1.30124529302587,1
0.529090715247339,1.01776002400402,0.0826441777832877,1
0.140568815656309,1.12805602861884,-0.0805696308192352,1
0.172966189474923,0.698138020625532,0.609746287606978,1
0.0223453819257706,1.77186145948289,-2.37762543560484,1
0.0009833581210442,1.40373465846507,-1.83214046343836,1
0.0546255334271465,1.34066311055637,-0.609921058363971,1
0.0317915454154578,2.18438929325851,-2.73469486044637,1
0.357126971865949,1.63571664260135,-0.18890935325462,1
0.0319156171747985,1.34816612969331,-1.3006221056182,1
0.134898332618102,1.09565589588044,0.256623093666902,1
0.0995255529079394,1.24658817154682,-0.613774366414256,1
0.0372287434890628,0.988676650097298,0.313311755170802,1
0.115233086952595,1.00353054785403,0.0801559882249326,1
0.0060212529795545,1.10497346254185,-0.538856273162577,1
0.367259044980247,0.92200183183668,0.200684801107521,1
0.0725590829818113,1.03719429153986,0.0826770600694549,1
0.0686147684366772,1.2735122543853,-0.493275053925074,1
0.0010623738882322,1.00044813020596,0.379344539758649,1
0.0762686595212344,1.29541732302036,-0.401440190971504,1
0.177671489297056,1.079899347925,-0.132058066696081,1
0.008559368715425,1.73609659780653,-2.46393573539161,1
0.023366240380538,1.35590326998402,-0.913214756235053,1
4.52238969657139e-05,2.53280687592628,-6.04116804542166,1
0.262364525475279,1.32594511841791,0.197884859805823,1
0.0004210312148057,1.16158971445135,-0.913870263597305,1
5.50518276415707e-05,1.8405588080413,-3.61700144634693,1
0.0387247797655513,1.09108670333874,-0.427204896517736,1
0.271001334541396,1.19906874724603,0.287210760446227,1
0.015224848654371,0.789628944478827,0.88876099361256,1
0.0111110196827706,1.01488190588342,-0.0520002506376488,1
0.0038949046765382,1.63487731285939,-2.02257322070769,1
0.0674636455099288,1.68900341605493,-1.19371640549485,1
0.0055809430961431,0.593958524193313,1.26753644233369,1
0.0268162584764869,0.847495179364481,0.544678664970277,1
0.127182846130418,1.51562972254275,-0.221300840958701,1
0.419344602032035,1.11140842803362,0.13358074769561,1
0.0236897508418463,1.29494617339242,-0.857984359030936,1
0.512990021242305,0.730896374281865,0.262578686501928,1
0.0651199821597163,1.12223004388794,-0.294131579111375,1
0.0190159393087578,0.9240933299337,0.360733909658893,1
0.169749033498132,1.07834433674878,0.10019827028939,1
0.02359678646948,1.12135799407912,0.194651249007579,1
0.0343413183688192,1.2079684749555,-0.44743774823102,1
0.0697873016199714,1.37012807930977,-0.672407076439321,1
0.0018052955514569,0.799826173786366,0.19613854479386,1
0.282130339678621,0.848817181901962,0.770136634086171,1
0.312770434752632,0.97577928136328,0.449146568535151,1
0.391113857517304,0.925787775805928,0.0753345732670842,1
0.0403755922825145,1.48083773580464,-0.961979454986385,1
0.0033666558988304,0.864546296212403,0.277526469416278,1
0.0267289230930526,1.0742110471603,-0.357377857664303,1
0.0551100199492191,0.616718145452368,0.945637237419495,1
0.0229742903397081,0.793194564114166,0.532966675906939,1
0.0829921446505267,1.53365607986257,-1.02491092083653,1
0.0230992944964812,0.987689939394565,0.161901951536854,1
0.203402491237194,1.00271823370042,-0.41743028848887,1
0.0698707846435003,1.15360507140043,-0.121253671525529,1
0.0041330624588702,1.44931875559503,-1.56440762620811,1
0.0076659939651283,0.901060293609084,0.576932463616093,1
0.0318326667513935,1.5839557333985,-1.00437472860045,1
0.0253771147935122,1.64158898167979,-1.44751923800746,1
0.308306186570793,1.02634040491709,0.376855606462937,1
0.13275807881704,1.4633248637201,-0.612014143645888,1
0.0299084419425142,1.05678823197633,-0.0462195861582629,1
0.0300388730189272,1.61596079617445,-1.53788113208156,1
0.048363430673815,1.68261807166834,-1.33871734785585,1
0.0416075462512726,1.1613416477654,-0.0940110997855813,1
0.032762194581138,1.16185610162914,-0.22061083304131,1
0.0048124321565446,0.856923917256391,0.618541950553171,1
0.154528153926009,1.27551309095643,-0.263848791361002,1
0.0104992494468246,0.780321352029816,0.776164561346876,1
0.240820303263215,0.961346789075871,0.339929710580143,1
0.401646960829934,1.05333992428716,0.0949024187755179,1
0.0409338609479478,1.31716143430184,-1.24063574954644,1
0.000142237667928,1.55866631205175,-1.38035011465945,1
0.002099879689028,0.814943472432924,0.457308736382363,1
0.192043841963522,1.03035708983567,0.573976843964233,1
0.124316009396454,1.3962631238522,-0.179501902918928,1
0.0045843839160141,1.95932900499804,-3.75112935169684,1
0.0031929783970252,2.04252150683943,-3.43978906347255,1
0.272322424357915,0.8813186349357,0.581711673758971,1
0.0562043529139231,1.06312410851177,0.245375819313408,1
0.0004599199371841,1.86382851879274,-2.12474678879141,1
0.0662729723344731,1.15065127413465,-0.164545615189503,1
0.0003109292469192,1.46313786869884,-2.30286365151776,1
0.0083209027728251,0.871856992732714,0.258125166725448,1
0.013240750951787,1.39554076012154,-0.740237046343214,1
0.0472740435424285,1.18188647172611,-0.405138399531624,1
0.0020143770373325,4.6886625742719,-12.425625214521,1
0.0326402851526777,1.70183973587118,-1.57464367436306,1
0.251415183508013,1.03437119295849,0.503224060657283,1
0.0625891979177922,0.82923202269135,0.299276629987377,1
0.0022672387150475,1.13827872161904,-0.401951307479212,1
0.211131604848523,0.717589175386012,0.859064815695972,1
0.614183406160883,1.07364531822661,-0.262484351811984,1
0.425798851922066,1.33793966084668,-0.105293677868119,1
0.0092316379892571,0.964389899666986,0.226296006549889,1
0.0130007151673264,1.64538182478728,-1.77650873630249,1
0.0165635565614707,1.09857185666407,0.403043089292637,1
0.0323022894752268,1.16134129134011,-0.303102080113006,1
0.0787626682460115,1.18519096007286,-0.120846602473728,1
0.296552839655801,1.49411871003054,-0.0225163235664288,1
0.0002137501644806,1.51116644361912,-1.99074969318886,1
0.231569743653533,1.11069342572759,0.397223216206473,1
0.0856838049608112,1.24162853024062,-0.0026721295183595,1
0.0731185436196562,1.06429989381231,0.193224109366787,1
0.029596762278733,1.20491929339162,-0.672597794342257,1
0.0003239204927353,1.64335643100449,-2.41390476796897,1
0.0015875525719223,1.32450973292559,-0.457735006842304,1
0.0160963057327565,1.44704323495065,-1.99361718644023,1
0.0358017590925446,1.3059702219042,-0.9583918902513,1
0.240975793172597,1.09203348139447,0.0672085673018322,1
0.0309169969030152,1.11121268394247,-0.161491987826256,1
0.0012431062661368,1.41176959577333,-1.95496695853721,1
0.0099615061677509,0.603987221097233,0.998461769766267,1
0.0556720457813939,1.20602015696702,-0.385562854858628,1
0.0768005779404219,1.20109859384579,0.0441520226359076,1
0.020214367651966,1.43479361060511,-1.05106351755265,1
0.0172466346581391,1.3505407444425,-0.845469282935677,1
0.0008416689506221,1.14190577175093,-0.265807608508828,1
0.0021842837286284,1.73181870415064,-2.38181287303517,1
0.0481835199258023,0.693305559471207,1.03965119359289,1
0.0371936824574149,1.35965482056544,-1.31787247917879,1
0.0307954216928342,0.56647380780772,1.08496912873305,1
0.0424368621596312,1.32326692382912,-0.923345297128888,1
0.121148841332664,1.2271161305798,-0.337995521591825,1
0.0098878775400353,1.52736109045936,-1.27425047635877,1
0.0129164579054356,1.14675310671014,-0.112545830613665,1
0.173143061725334,0.632845170436731,0.722512270876494,1
0.505848764105377,1.17615982137484,0.145442326178802,1
0.0205911737377011,1.09463207381692,-0.714306730142857,1
0.161955267878808,1.21864685136718,-0.273566256846678,1
0.13798360916939,1.09459387032799,0.323467786001688,1
0.105441856524508,1.02487393112287,0.0154975594496636,1
0.0263431509820683,0.83054610894472,0.513124202483469,1
0.0442046718403338,0.978569100917082,0.070694104886135,1
0.100528021858202,0.965421684424521,0.659375760465812,1
0.445600713346048,0.893331630115143,0.47309954697428,1
0.0773257989566339,1.1202078114899,-0.0021912105787656,1
0.0285565896383249,1.35752804031297,-1.55539997710929,1
0.0001675569687027,1.58447052388227,-2.78329613234852,1
0.156463559514306,1.35549038532636,-0.436394670285712,1
0.0021922903652257,1.15286398604345,0.056906219409052,1
0.0116071686524315,1.48189013107635,-1.18721221400777,1
0.0775679826911154,1.20795303316789,-0.362769822008048,1
0.181456716486091,1.33703396346571,-0.0430307194623041,1
0.372028177009604,0.698045487908279,0.337636839572588,1
0.0035283952267769,0.759554940348306,1.01126206288402,1
0.0012815511496694,1.15389681929115,-0.472792433746793,1
0.229140214047748,0.88991803909044,0.569660437648304,1
0.0020245521293935,1.51781439740659,-1.31982108121893,1
0.292190841059666,1.1009702749767,0.457878656576724,1
0.207682340926472,1.00797420633501,-0.328225509268525,1
0.0015646294912261,1.05960258236215,0.0264177092667175,1
0.0010019687312271,0.998764324036224,0.0599133861549215,1
0.166734308960367,1.73130843631825,-0.842377148000454,1
0.0161832660923463,1.32488551693095,-0.685512531731324,1
0.002151477896427,0.974455758890218,0.262331812901539,1
0.0784465936395605,1.14109776638185,0.184791638439178,1
0.0041397645602667,1.1369998459878,-0.138929841104242,1
0.0034993998082645,1.13674933449066,0.48873877004645,1
0.0007044879137828,1.43862294668116,-2.04406003804515,1
0.401772132597797,0.990419809792319,0.480780611529236,1
0.0136307008975984,1.64605314937371,-1.48001750974023,1
0.0247613988288083,0.963629754095227,0.122249634455733,1
0.0006260942739826,1.21281884473814,-0.326620580241335,1
0.0004639834039046,1.25623460366063,-1.32470119460471,1
0.0186924155051083,1.54400537631377,-0.999581972746173,1
0.313753516349431,1.48967446189815,-0.263826193807466,1
0.0161042665243469,1.91077638097904,-2.65529337242723,1
0.453546643251685,1.14565039191317,-0.0630016903040289,1
0.0024025897024447,1.3483407759595,-1.10919085727616,1
0.088589251040079,0.911231607880125,0.336055883421087,1
0.5287370141732,1.05095053054115,-0.203852656340981,1
0.43380910537434,0.816872008387867,0.181451901554225,1
0.0425287442265367,1.16235504924824,-0.414845064917785,1
0.0001820218405879,1.84231149002681,-3.79386440590291,1
0.0496187523295116,1.31850542653335,-0.209471966476893,1
0.0004716230344824,1.3837525299702,-1.28415746012066,1
0.0238438699197463,1.62738828936298,-1.01363212247966,1
0.001983584828088,0.860559901082694,0.546405357477767,1
0.0184571463046397,1.61358271524083,-1.36334336722683,1
0.138328026258486,1.54927309296956,-0.88008593072901,1
0.0398287531569743,1.36877200118906,-0.288198090176082,1
0.0358288076210854,1.53461572448594,-1.5144154463357,1
0.0156978147142723,1.39171551039277,-0.981893091278514,1
0.107192463816188,1.01163183542579,0.418071327869829,1
0.0570957845788419,1.33306613198609,-0.78462889526958,1
0.0020957355259138,0.824787180208157,0.816922648375335,1
0.021953784171175,1.34372193692435,-0.850626139996961,1
0.0037553258347732,0.948986938756875,0.376885265782014,1
0.0004638999118002,1.13742524002955,-0.535601486165236,1
0.0045425326478069,1.18241578232558,-0.325492962399806,1
0.124440299871027,1.21107096945229,-0.107466698626915,1
0.0234235034394808,1.37302403278522,-0.560632778797774,1
0.0173019202310367,1.17926531214332,-0.663052043190449,1
0.0427946616279786,0.949211550493999,0.147293987459651,1
0.0003914024559502,1.3244508950026,-1.54181591292889,1
0.014757955916007,1.72800974513887,-2.24437171311289,1
0.0547269328972973,0.993797622260923,0.491081801811818,1
0.250555866655278,1.12232935075653,0.175776544314029,1
0.046894503182553,1.40186842023491,-0.825848699025801,1
0.358393257514677,1.23072836801607,-0.12644740714868,1
0.0025453953211726,0.955971238906902,0.365785093740013,1
0.0364455621459116,1.81287613741734,-1.2358585897486,1
0.118401644591181,1.03064007322499,0.388121721723415,1
0.0758747614717181,0.775207183961366,1.1977921814982,1
0.033878505858919,1.45563663695232,-0.779482458601789,1
0.184910387274594,0.700214629429104,0.95880679597289,1
0.309188840694917,1.01102180823308,0.343831024481358,1
0.0897496074053981,0.331728553166728,1.27820294375664,1
0.000307722697674,1.56993173934298,-1.13695576907833,1
0.0422203171517141,1.08628849321063,-0.533694268030702,1
0.0810004864752452,1.25249756611246,-0.821212405497998,1
0.0074887821128503,1.45903765228759,-1.20613912670483,1
0.146274330214349,1.45691416527065,-0.337680527912808,1
0.156811958570528,0.683528926512808,0.563075232978201,1
0.0558620401600013,1.46770709787694,-0.784504049082348,1
0.018977074720923,1.72704395012523,-1.98646918667712,1
0.40330257366544,1.18075440696128,0.194988878879207,1
0.0410996810603029,1.00451122009572,0.433926767340718,1
0.151278058388903,1.127286496584,-0.0200764295484479,1
0.424245068824619,1.08896457182553,-0.0760400777233394,1
0.0003860182942331,1.15391219475829,-0.772763735352481,1
0.226364012027826,1.3417150460291,0.0698738850497695,1
0.0065048209636014,1.55442424885732,-1.71619281535829,1
0.0122857059943898,1.23259764156135,-0.0453028879298032,1
0.0721992855780651,1.56641955521724,-1.12087785367643,1
0.0018478235289805,1.69667530850397,-2.25632738668523,1
0.0789813150074957,1.36151790807525,-0.394624914862103,1
0.0076967205660618,1.49845623505045,-1.41063815518554,1
0.0652098675598913,1.40157379378835,-0.304973126989059,1
0.236474360684816,0.952144343211304,0.707309641020131,1
0.0930657297687109,1.36307436595044,-0.253849260398676,1
0.0881101811011028,2.04712451725902,-1.54993500271773,1
0.0167764819230883,1.32092597488385,-0.591041223454094,1
0.0028222824125531,0.805617561584478,0.323540216394921,1
0.149015282366136,0.926883933478449,0.769011926631496,1
0.0457821264257914,1.67550376934637,-1.05495901611592,1
0.312870256111671,1.33483488629103,0.135975328238781,1
0.442956832513808,1.22647324416061,-0.214886155844704,1
0.0466882511425778,1.16325052194142,-0.842946890110557,1
0.027336372842436,0.760217586020499,0.94505434532069,1
0.0573384129505358,1.24334922124941,-0.400404037325689,1
0.151218721972716,1.28853145066735,-0.265554137849026,1
0.0913178618953974,0.723696109991133,0.850543888649998,1
0.0003589105086674,1.45269384354261,-1.4941550071265,1
0.130491743575913,0.92705283841968,0.285654516889756,1
0.0010066881510629,1.56912373606755,-1.68146009679542,1
0.212792460377224,1.54980364259565,0.0160677460827763,1
0.0060425392544231,0.887920546265966,0.412345637657989,1
0.0318483480474582,1.15933905316509,0.0418349085920904,1
0.116876055198081,1.19032084837525,0.116943564422042,1
0.215071464925933,1.12900940323461,-0.128389636831949,1
0.277476932985749,1.02633917886904,0.083197237626044,1
0.31939465557789,1.01755672882011,0.2119326462237,1
0.038769311655473,1.47176983069528,-0.977996478959467,1
0.008037204731922,0.797641800911205,0.615646936022571,1
0.335423503589664,1.03591778950396,0.180106414557953,1
0.29841926195493,1.12241611964527,-0.292384812681955,1
0.15622030733013,0.970050180470553,0.314821808682508,1
0.215418877149924,0.574934215057858,0.821235165865784,1
0.0703049704270592,0.993739392805977,0.0918362706432348,1
0.126876065404236,1.55747402536037,-0.385632814184108,1
0.0786209720238482,1.35931487562308,-0.583378139450444,1
0.0519777712407433,1.38887088110112,-0.655793071096932,1
0.121008034978835,0.6699272380599,0.67215810433917,1
0.00310020723043,0.914946234336429,0.330843510505495,1
0.0018308277073576,0.723289872005239,0.792585430640014,1
0.0017760654899742,0.891604538867097,0.503535732629834,1
0.429572925161298,1.22459637072465,-0.201725495133533,1
0.20732002242968,1.09322532680605,0.584941484950668,1
0.0475061633706409,1.44593569904087,-1.07456538566054,1
0.123323377704746,1.0792316973121,-0.0456830752114303,1
0.133057121367052,1.18973091199512,0.0587777279102088,1
0.0042624515766832,1.85415310952747,-2.87036155909163,1
0.107241925899834,1.13604194219048,-0.132772205707279,1
0.158839962244925,1.09106143900752,0.196915337218024,1
0.0149128202085923,1.51450770889089,-0.924899560872532,1
0.226313324557232,1.3373958209191,0.008473217479795,1
0.000469715243452,1.79731579196438,-2.04193729520818,1
0.0011085890353087,0.927264868416537,0.432782421579207,1
0.154928192270066,0.8602408752823,0.201296492721982,1
0.383391404932472,1.0680952602433,0.0243756279780743,1
0.0013948552143703,1.04139821999264,-0.207426305189854,1
0.0002201251231869,1.4815726100808,-1.90695846570607,1
0.0063574972057192,0.907011325702217,0.323034569316115,1
0.0085789829055865,1.01571532301376,-0.21625786978134,1
0.0027929045877123,1.1039333406687,-0.244028669808543,1
0.0139802960918389,1.64867098455323,-2.20075935368008,1
0.0303600189902885,1.60465164967846,-0.932300186886566,1
0.364644862817093,1.06875941846212,0.128738940725219,1
0.122701893429704,1.00933478496876,0.252601098558512,1
0.122238347820357,0.965175801820164,0.589218106537066,1
0.105742766496956,1.22465827994022,-0.419809289217612,1
0.0599030151079328,1.08200983177545,0.0023824692841711,1
0.0008712709919726,1.1671709978528,-0.338951326848344,1
0.0067859581323781,0.843597209349619,0.582785870992614,1
0.003556303285248,0.814084924746328,0.473297407733709,1
0.056520582734428,1.70781650393267,-1.32563120237494,1
0.148888129746691,1.30833072693771,-0.358457233071424,1
0.0375431645632401,0.987618515605183,0.542257499201867,1
0.0077602614276439,1.51485031384388,-1.21951570721655,1
0.0467724634300658,1.04222696002505,-0.0555704626850311,1
0.255702529938368,0.979213770891859,0.208609552782787,1
0.01385300934791,2.0063634743855,-3.04813887948009,1
0.211355632568884,0.918646570117145,0.389834010844968,1
0.189088942086128,0.640802099481066,0.902990261092854,1
0.564620704583874,0.867829272037189,0.154250990334628,1
0.0284024100860136,1.31385900946462,-0.887386877099736,1
0.291929867478071,1.35510535373554,-0.214255089764798,1
0.0016667193347383,0.960616796503674,0.262127392167197,1
0.0556599969146544,1.08611493288398,-0.475908422481461,1
0.089193537091915,0.859729954176329,0.200667754836566,1
0.0171322051036811,0.544491239636166,1.0024348118455,1
0.0046853531523411,0.668606591565291,1.22471659355715,1
0.0434371049901911,0.943567709086661,0.259659215938399,1
0.0844946777176903,1.45575691890179,-0.653458168611187,1
0.0481923897004286,0.562405186566584,1.34726315468477,1
0.0662335300319763,1.23492187309892,-0.519787709482553,1
0.0021339225660984,1.12681742509022,-0.477372397574748,1
0.0140284375708401,1.57717846556246,-1.89885679449816,1
0.0087865325965551,1.07486327700308,-0.189602848918441,1
0.0046935262334639,0.99667972563721,-0.292591570024923,1
0.0799238513524895,1.40719272661686,-0.910121778051923,1
0.0697846596132557,1.03188512925729,-0.024777517498544,1
0.104093343351967,1.34358929255512,-0.21801994419101,1
0.104382307213727,1.29881371041485,-0.525490226251753,1
0.0246019063247792,1.53711346842181,-0.985090882202494,1
0.169839598251217,1.05802236977541,-0.0772102533305571,1
0.0022605667067484,0.83119311010768,0.478498188754629,1
0.167536901506737,0.952493589506169,0.324058080490461,1
0.256075058504317,1.25726430378939,0.38303514872415,1
0.0730476474767482,1.47010030300109,-0.586561610806916,1
0.0136374603959153,1.88220976847001,-2.59907314181927,1
0.27458990119327,1.16482669383798,0.112342518514096,1
0.0014563798725754,1.08676223730694,0.279312915047591,1
0.02317272431333,0.738519062312156,0.739031947140069,1
0.0007109148200498,1.21692425114782,-1.17288785471249,1
0.0759767864434501,1.2281970400369,0.0636979440046032,1
0.122030373119073,1.44640574375617,-0.463333800347972,1
0.0007647478768595,1.23847158450327,-0.344871622019875,1
0.21444751442954,0.999717299704801,0.467420960047839,1
0.0931929651727367,1.29166811426943,-0.174281591461006,1
0.110123528547328,1.18900654516359,-0.10319388136957,1
0.0775336770631794,1.66108313408017,-1.24387946422944,1
0.0042586526272754,0.64177478072936,0.863471978570266,1
0.184562018149973,0.675458311443663,0.551725453056212,1
0.0005563190260017,1.30518484739633,-0.967855500345242,1
0.207268496744393,1.19653352015576,0.159432262450132,1
0.220843564544715,0.868132839231562,0.1842223996832,1
0.000867091206718,1.08463703930141,-0.0942502367740061,1
0.003393066419688,0.889501827025545,0.332081382739194,1
0.0142023406666919,1.99260355813156,-3.38134566235304,1
0.0976303342817236,1.27425522830555,-0.574987729062929,1
0.0545571123488743,1.17948542396524,-0.243955170678195,1
0.0143118150061407,1.39811489035713,-1.17908209009856,1
0.216650087583113,1.5080314502348,-0.682424598045053,1
0.135152762763441,1.31590550507975,-0.421064364806449,1
0.0806591702499935,0.814370626168441,0.679464848987695,1
0.430588047733106,0.719488535218442,0.30410046380988,1
0.291201742818997,0.930472957007807,0.233573325632328,1
0.159768361614207,1.45873217391199,-0.576510712783904,1
0.252241755291392,1.12433729948389,0.371935177542809,1
0.0222723752705743,1.40914901932443,-0.873617494539213,1
0.0346716239335752,1.35727072665508,-0.973253331482624,1
0.070392860252712,1.17516276046414,-0.353107258099246,1
0.181671351346374,1.24787922251995,-0.283232586868232,1
0.328223444179563,0.964668529510749,0.33540531930887,1
0.0468377934631504,1.0678636360765,0.247580455809404,1
0.0675660039009564,0.999648476439739,0.259287625844029,1
0.0472345142849452,1.55178629791268,-0.992406365754442,1
0.000122882235697,1.51456915427349,-1.94868827128784,1
0.0234443870838281,1.33759861914033,-0.589067951424311,1
0.123882847187735,0.866270387997635,0.645814623032122,1
0.0001076305225959,1.9051780577698,-2.83447399317354,1
0.0002458107955761,1.27898469799708,-1.32505899315202,1
0.0439337609057,1.25687588352458,-0.369143548554891,1
0.515192722912373,1.16238947784254,0.0976192920131423,1
0.241693339943261,1.13342624976746,0.337201908800087,1
0.10717062323716,1.39509633535439,-0.420355576294723,1
0.0003684791755183,1.39037715067528,-0.870578532419043,1
0.0101143105653064,0.772989824195819,0.877402236813294,1
3.1265530439801e-05,3.09026029976721,-8.20143483380895,1
0.307362139876013,0.296774604767201,0.926408785472904,1
0.141058191086896,1.23006942801268,-0.161096606675024,1
0.142476119641912,1.22847646710469,-0.0162373240564425,1
0.0039710358082853,0.823350245886385,0.594125836838234,1
0.141549228692635,1.25930448123873,-0.0012225233624546,1
0.0448723814062665,1.39099200628497,-1.23778358949413,1
0.136309045415519,0.975400587387242,0.559166576364807,1
0.0078001229912263,0.604935098261921,1.42661417546914,1
0.0529417887882907,1.48933109524503,-0.401238410989984,1
0.0026952201648535,1.02740987138855,0.0761808096895163,1
0.109429700254565,1.36101497708115,-0.449019765508253,1
0.0759382797804613,1.50273225996966,-1.10544634962511,1
0.132101353354526,1.22395236220225,-0.244451541612164,1
0.0007348510660245,1.5313528905237,-1.01869511775931,1
0.470156986272241,0.978831753235719,0.228099134609072,1
0.245480149372027,1.05285911181676,0.429220439479621,1
0.0938355324045405,1.46486379806981,-0.71198558255348,1
0.131100210762601,1.24384236934949,0.0423392564945536,1
0.0003244719838156,1.36803161095134,-1.1059336028268,1
0.156080409474125,0.970449148913751,0.553090710438343,1
0.026627132101258,1.35818405759226,-0.951692017998782,1
0.0213872991769636,0.733523033205788,0.602960448783461,1
0.0020368144110597,0.767153013115449,0.833174721577271,1
0.0033332584110381,1.00001415508419,0.28152483062665,1
0.0817503048658103,1.2891613695353,-0.212532394148075,1
0.293897536309489,1.11067013954055,0.389406235235139,1
0.300795999392991,1.23916107564062,-0.0160020553308405,1
0.208021284963026,1.16117884202797,0.549135581854995,1
0.0005085080285647,1.43027226951827,-1.3007854374721,1
0.0090073186011689,1.18240969295294,-0.958983878280418,1
0.324550289400293,1.13846255678089,0.114244446006246,1
0.0011117120845569,1.28158844883897,-0.607563890140643,1
0.0051576009261221,0.895782513415201,0.102502803068769,1
0.0180771767446609,0.933563204104725,0.96733663455499,1
0.0747248025433152,1.11691915481324,-0.663454373334828,1
0.0833982032421473,1.21908509100787,0.13188674037284,1
0.0435193591901549,1.65354245723565,-1.41935639089186,1
0.076338499496273,1.0709524153728,0.0051649749170559,1
0.0181803098779377,1.58672747339549,-1.60045454609103,1
0.150995199173159,1.11115884866403,0.021469065538328,1
0.0035142314845403,1.09156863951439,-0.170730649161376,1
0.0457000780480755,1.47083101287448,-0.515452758852382,1
0.0189609987041649,1.33558436268407,-0.373655988255586,1
0.0005376952251869,1.06088861346822,-0.176399342034421,1
0.0018344407103061,1.0816912224585,0.0606590741408416,1
0.0032055506271612,1.10858188833825,0.127623063155122,1
0.0001562995208149,1.61400571193917,-1.96676019107483,1
0.0091805638145363,1.38345444237883,-1.15075746789093,1
0.00186686628825,0.926961140193587,0.643002894331809,1
0.0002408452670694,1.37152646860666,-1.79572587491868,1
0.0068272513976246,1.15893607102211,0.07047890748745,1
0.0065288330956419,0.939637833192464,0.591265305172724,1
0.0016970079718906,1.13158427270729,-0.0571412248084862,1
0.140035531562147,1.12928126747282,-0.218331106018651,1
0.0007797417656125,1.14376633181911,-0.109842544381158,1
0.263941717992718,1.06127956846775,0.255867699332005,1
0.192122324260151,0.894149171417439,0.294427786180436,1
0.0099312370815468,1.5481476973045,-2.05576964269881,1
0.0087497210744188,1.41044466648776,-1.2878584754611,1
0.121162696552651,1.02856731740583,0.528548696659363,1
0.246163943421303,1.27249525486494,0.144346313180175,1
0.0001893047091727,1.40894908716085,-2.42761946783023,1
0.0003375029162897,1.98344894867896,-3.3288122295616,1
0.0107793631446102,0.843242283707967,0.689114981619263,1
0.0564153478660752,0.683524678906774,0.785088850974015,1
3.5997858510973e-05,2.46035852640255,-5.46023432202401,1
0.0549234534383692,1.29360137120767,-0.347179178391112,1
0.0092124371195887,1.1164287241182,-0.167316048906641,1
0.0040850905994173,1.12965783042986,-0.123503662105394,1
0.0083595799596619,1.79371903559768,-2.1639108495181,1
0.108843026773431,1.32760651910608,0.193583347183923,1
0.0105657048005328,1.92853689509637,-2.28142084539277,1
0.187843078392838,1.38012138318858,-0.23047229543638,1
0.0005671930177992,1.13377123077431,-0.478428534053701,1
0.322242161327292,1.2084458285809,0.125851016187178,1
0.0014917108371993,1.06110249954379,-0.164254729114875,1
0.0002656875098029,1.54293651295117,-1.56019778075786,1
0.0684676206004347,1.31913457012849,-0.0480955613470644,1
0.0002804059891561,1.54317397699377,-1.68055034692994,1
3.02523001716785e-05,2.94167527706107,-6.13881025201097,1
0.013233888453179,1.49466855785298,-1.18603801777594,1
0.0485235032509026,0.967806542227896,0.0645462462380354,1
0.177750026521229,1.57998857501756,-0.705791134331015,1
0.190286958706713,1.20605202451722,0.098300831166803,1
0.0001513018594713,2.40789581260736,-4.25229726611343,1
0.357960050767374,0.675032178432521,0.84819809775578,1
0.0283240131819086,1.09916007657978,-0.11306063422212,1
0.0704602707702515,1.10318882019994,-0.374249296078151,1
0.0303700721019138,1.21400154048267,-0.311864458468428,1
0.0082696066209383,0.625747621021751,1.09317996152948,1
0.0367438089036986,1.13025023223726,-0.147465472159636,1
0.130914487896464,1.38073094047508,-0.616308696933321,1
0.0002363937847305,1.35397820047036,-1.56032310166432,1
0.0543070941283513,1.46728000627849,-0.710073683839218,1
0.0011834192449705,1.37227201911146,-1.5229175348909,1
0.278782445583797,1.24265809374584,0.222484027647533,1
0.04213334575154,1.20139122531566,0.0629072669427383,1
0.103149092988101,1.08919876629157,-0.396962258447832,1
0.112801027256424,1.39310418576675,-0.459356273118673,1
0.0354291766327771,0.84613432972681,0.482766853880683,1
0.0164880596234756,1.62624923577777,-2.24758314698098,1
0.106037084182092,0.860293599399507,0.321196889921964,1
0.353488681804502,0.973990609082554,0.463141333522539,1
0.0462441932427265,1.31770966928247,-0.587246136126406,1
0.0016748638589418,1.16609474285323,-0.807582808919945,1
0.0006840149304427,1.3431574392547,-1.04484155460836,1
0.367613047489507,1.17846148393989,-0.188902032869414,1
0.12418019441899,1.24470397138253,-0.0545122231133127,1
0.102503655807957,0.866800236418988,0.83184620181113,1
0.0116619293911337,1.52410337632896,-1.14883183568282,1
0.0317817726788479,1.31015779167776,-0.484675552375427,1
0.0004867500848332,1.23608677869072,-0.996505789083083,1
0.001183104562131,0.99689542616674,-0.724703913910496,1
0.0295081449090737,0.89639912877691,0.462911331308189,1
0.0594376549254014,1.26531442756449,-0.308972362866082,1
0.453678284021248,0.993227830120083,0.191225959544248,1
0.0004517840876385,1.12182885702791,-0.51790043741358,1
0.0371084683658136,1.52117254859019,-1.54631655262928,1
0.0348583647691245,0.70936375678564,0.651865654199656,1
0.35067256242428,0.654300173333198,0.673717666194992,1
0.204483171252752,0.992940327512256,0.800123872482895,1
0.391918670285319,1.23965730278387,0.066964326164683,1
0.008904918459954,1.55788694128682,-1.61666587213372,1
0.004237108478179,0.996614091331588,0.0760949511302364,1
0.392766513448531,1.13543329813592,0.101540698200498,1
0.0397164285729471,1.34199471695426,-0.706939525141006,1
0.250933589431646,0.708299064756275,0.938532362737791,1
0.0659017727018058,1.05888130181222,-0.0036185765925275,1
0.0494905068896178,1.95540606194532,-2.14002392534122,1
0.0761358074666119,1.01069114952186,0.0879461858147373,1
0.0091703767711663,1.87753806192584,-1.80796381326125,1
0.0001375493727851,1.9175208039981,-3.03089017405308,1
0.0550995989658962,0.693577399921434,0.944915543724506,1
0.0047385686640276,0.857999017682874,0.872620929265685,1
0.192431740994976,1.01693512733841,0.216052738644483,1
0.000647778793984,1.17361164133007,-0.525454057075207,1
0.0599611491582734,1.39565792002878,-1.3306728250445,1
0.001416203042518,1.5330276172159,-1.62953830348091,1
0.0005604682877344,1.58961777966621,-1.89730650241261,1
0.0194387794749613,1.42645163281643,-1.47374120853979,1
0.0123549878124081,1.42248742259702,-1.2235417287807,1
0.12660023961173,1.43653150015716,-0.517962661949347,1
0.232675385960128,1.15341490662717,0.332967995817478,1
0.0029358290850289,0.873040618541566,0.640102693311842,1
0.0002640719273947,1.42444436914782,-0.333707338745335,1
0.0028646073554766,2.01582577064443,-2.58525911179947,1
0.0124744200500092,2.00668055651835,-3.01732152671791,1
0.359425919735389,0.900458539495465,0.471148170529233,1
0.0042112266066406,0.994619926688716,0.867306457980188,1
0.0262015465549785,1.81309178790392,-2.39610529290263,1
0.314636071094131,1.24613187647351,0.200816430078305,1
0.283569739663022,0.810922782285906,0.647288897237205,1
0.0126271808957385,1.27691543036632,-0.725509282132512,1
0.0001303454970731,1.53100726484466,-2.57299591040257,1
0.0039563966030862,2.03779410182579,-3.31491469041261,1
0.0499788938291537,1.301494474927,-0.708692823510497,1
0.0259486811020922,1.39415662229772,-1.03933166327828,1
0.0372314877130012,1.36918775080442,-0.815880137328528,1
0.0013131382830247,1.0742817046523,-0.03638539117791,1
0.572020803968115,0.842555088885615,0.157348519439407,1
0.0120451436740202,1.30808189381867,-0.752393054375094,1
0.137024912459349,0.979703314993223,0.257705564667724,1
0.0046886829920909,1.33037455127479,-1.22129436391646,1
0.352237633568421,1.48145316708786,-0.406487981503276,1
0.48715975377133,1.34729368908492,-0.0518573263263642,1
0.0002083381363385,1.38695730684336,-1.76313480692887,1
0.0091660953761982,1.04173644533161,-0.313236045814825,1
1.81834516750054e-05,2.99572506230719,-8.7915714368088,1
0.0369262932514807,1.69463800301158,-1.42144502834427,1
0.0069792780786771,1.52351453016715,-1.3401704784614,1
0.033923854754313,1.50386204390343,-1.13460875302753,1
0.139075999775208,1.18528962287207,0.474302175807061,1
0.166867434692002,1.14959500913428,-0.201046032622111,1
0.0003160752123365,1.44623656570609,-1.31222318574433,1
0.0003763333734604,1.35066088763491,-1.25272967272382,1
0.0188371559533149,1.29051843139327,-0.64915646800923,1
0.220390673604005,1.10300717736654,0.395337156128111,1
0.0001341217896417,1.78835292059994,-2.68915374070285,1
0.40486903164101,1.05544329475534,0.163958593105165,1
0.247662516271288,1.424903655443,-0.315904959623046,1
